Top pages,Clicks,Impressions,CTR,Position
https://quicklaunchweb.us/,10,107,9.35%,2.39
https://www.quicklaunchweb.us/,3,68,4.41%,9.59
https://quicklaunchweb.us/guides/website-in-48-hours,2,119,1.68%,10.45
https://quicklaunchweb.us/guides/done-for-you-websites,1,384,0.26%,36.69
https://quicklaunchweb.us/guides/subscription-web-design,0,190,0%,42.49
https://quicklaunchweb.us/guides/launch-website-fast-checklist,0,97,0%,49.48
https://quicklaunchweb.us/guides/pay-monthly-web-design-vs-upfront,0,47,0%,36.04
https://quicklaunchweb.us/guides/can-a-website-really-be-built-in-48-hours,0,37,0%,23.24
https://quicklaunchweb.us/terms,0,26,0%,3.5
https://quicklaunchweb.us/guides/monthly-website-plan-whats-included,0,25,0%,10.8
https://quicklaunchweb.us/guides,0,21,0%,16.67
https://quicklaunchweb.us/privacy,0,20,0%,5.05
https://quicklaunchweb.us/guides/wix-vs-hiring-someone-to-build-website,0,19,0%,13.89
https://quicklaunchweb.us/guides/do-you-need-a-website,0,13,0%,5.54
http://quicklaunchweb.us/,0,11,0%,2.82
https://quicklaunchweb.us/guides/what-pages-business-website-needs-to-convert,0,8,0%,4.88
https://quicklaunchweb.us/#features,0,2,0%,1
https://quicklaunchweb.us/#how-it-works,0,2,0%,1
https://quicklaunchweb.us/#pricing,0,2,0%,1
https://quicklaunchweb.us/#work,0,2,0%,1
https://quicklaunchweb.us/#faq,0,1,0%,1