Top queries,Clicks,Impressions,CTR,Position
done for your websites,0,84,0%,30.99
done for you website,0,55,0%,46.29
done for you websites,0,52,0%,50.29
done for you website service,0,51,0%,49.33
done for you website copy,0,29,0%,23.76
website launch checklist,0,19,0%,88.89
done for you websites uk,0,14,0%,73
monthly web design,0,13,0%,81
website design monthly payments,0,13,0%,87.38
website done for you,0,11,0%,35.73
brand website creation process from scratch 1 week timeline checklist,0,10,0%,21.8
no upfront cost web design for business,0,10,0%,51
quick website launch,0,9,0%,39.78
no upfront cost website design,0,9,0%,79.11
website design with no upfront cost for business,0,7,0%,78
fast website launch,0,6,0%,42.83
monthly website design,0,6,0%,79.17
seo services 77493,0,5,0%,1
quick website design,0,5,0%,64.8
monthly website design packages,0,5,0%,76.2
website design with no upfront cost,0,5,0%,79
done for you seo,0,5,0%,90.4
web development 77493,0,4,0%,1
no upfront cost web design for my business,0,4,0%,42.25
how many hours does it take to build a website,0,4,0%,79.5
no upfront cost website design for small business,0,4,0%,94.75
website go live checklist,0,3,0%,84.33
pre launch website checklist,0,3,0%,89.33
website design subscription,0,3,0%,92.33
no upfront cost website design for small businesses,0,3,0%,98.33
quick-launch website design,0,2,0%,16
katy local seo,0,2,0%,41
seo services katy,0,2,0%,41
no upfront cost web design,0,2,0%,59.5
done for you wordpress site,0,2,0%,72.5
web design monthly subscription,0,2,0%,81
how to launch a website,0,2,0%,82.5
what should be in a website kickoff,0,2,0%,84
tips for launching your website quickly,0,2,0%,86.5
how many hours to build a website,0,2,0%,90
web design monthly payment,0,2,0%,91
web design pay monthly,0,2,0%,96.5
no upfront cost website design for business,0,2,0%,97
subscription web design,0,2,0%,99
fast website launch agency process,0,1,0%,1
quick website launch companies,0,1,0%,9
website design monthly subscription,0,1,0%,9
custom web development service providers tight timelines,0,1,0%,18
pay per month website design,0,1,0%,25
website monthly subscription plan,0,1,0%,35
seo agency katy,0,1,0%,41
wix hire a professional cost,0,1,0%,45
done for you service,0,1,0%,56
wix website builder for hire,0,1,0%,58
web design subscription,0,1,0%,75
web plans,0,1,0%,78
website design payment plans,0,1,0%,78
monthly web design packages,0,1,0%,79
monthly websites,0,1,0%,82
website checklist before going live,0,1,0%,84
pay monthly web design,0,1,0%,85
monthly website package,0,1,0%,86
web design monthly packages,0,1,0%,86
webflow launch checklist,0,1,0%,90
website monthly packages,0,1,0%,94
fast website design for product launch,0,1,0%,97
no upfront cost website design for my business,0,1,0%,100
web launch checklist,0,1,0%,100